Order_Month,Sales_2011,Sales_2014
1,78327.59522000008,199744.74464000014
2,71972.4359,145070.467
3,121911.44556000001,210380.80472000022
4,88846.34300000001,190922.84160000004
5,120168.6505,227665.97191999975
6,170356.33022000012,311924.65113999974
7,84246.22982000001,205513.0926599999
8,165833.92441999997,366195.00154000014
9,233495.61543999976,385920.5407000001
10,162644.00168000004,345222.8428199999
11,246083.68032,453574.3100800007
12,270990.5185800004,395801.7477799997
