Segment,Total_Sales,Total_Profit,Profit_Margin_Pct
Consumer,5204729.240059993,652870.0917599993,12.544
Corporate,3049974.947340004,381076.7894399999,12.494
"Home Office",1857361.5243399898,242748.69233999954,13.07
